Month_index,Year_Quarter,PD_Risk_Rating,Predicted_PD
1,888888,8,0.0006933691
2,888888,8,0.0006933691
3,888888,8,0.0006933691
4,888888,8,0.0006652058
5,888888,8,0.0006652058
6,888888,8,0.0006652058
7,888888,8,0.0005064309
8,888888,8,0.0005064309
9,888888,8,0.0005064309
10,888888,8,0.0004486617
11,888888,8,0.0004486617
12,888888,8,0.0004486617
13,888888,8,0.0010219007
14,888888,8,0.0010219007
15,888888,8,0.0010219007
16,888888,8,0.0005593894
17,888888,8,0.0005593894
18,888888,8,0.0005593894
19,888888,8,0.0005987901
20,888888,8,0.0005987901
21,888888,8,0.0005987901
22,888888,8,0.000625892
23,888888,8,0.000625892
24,888888,8,0.000625892
25,888888,8,0.0015122208
26,888888,8,0.0015122208
27,888888,8,0.0015122208
28,888888,8,0.0008936795
29,888888,8,0.0008936795
30,888888,8,0.0008936795
31,888888,8,0.0008931285
32,888888,8,0.0008931285
33,888888,8,0.0008931285
34,888888,8,0.0004439509
35,888888,8,0.0004439509
36,888888,8,0.0004439509
37,888888,8,0.0005238652
38,888888,8,0.0005238652
39,888888,8,0.0005238652
40,888888,8,0.0003783301
41,888888,8,0.0003783301
42,888888,8,0.0003783301
43,888888,8,0.0003917793
44,888888,8,0.0003917793
45,888888,8,0.0003917793
46,888888,8,0.0004877218
47,888888,8,0.0004877218
48,888888,8,0.0004877218
49,888888,8,0.00047009
50,888888,8,0.00047009
51,888888,8,0.00047009
52,888888,8,0.0004275524
53,888888,8,0.0004275524
54,888888,8,0.0004275524
55,888888,8,0.0003989142
56,888888,8,0.0003989142
57,888888,8,0.0003989142
58,888888,8,0.0005336976
59,888888,8,0.0005336976
60,888888,8,0.0005336976
61,888888,8,0.0005248358
62,888888,8,0.000515974
63,888888,8,0.0005071122
64,888888,8,0.0004982513
65,888888,8,0.0004893895
66,888888,8,0.0004805277
67,888888,8,0.0004716659
68,888888,8,0.0004628041
69,888888,8,0.0004539433
70,888888,8,0.0004450815
71,888888,8,0.0004362197
72,888888,8,0.0004273579
73,888888,8,0.0004184961
74,888888,8,0.0004096342
75,888888,8,0.0004007734
76,888888,8,0.0003919116
77,888888,8,0.0003830498
78,888888,8,0.000374188
79,888888,8,0.0003653262
80,888888,8,0.0003564654
81,888888,8,0.0003476036
82,888888,8,0.0003387418
83,888888,8,0.00032988
84,888888,8,0.0003210182
85,888888,8,0.0003121573
86,888888,8,0.0003032955
87,888888,8,0.0002944337
88,888888,8,0.0002855719
89,888888,8,0.0002767101
90,888888,8,0.0002678483
91,888888,8,0.0002589875
92,888888,8,0.0002501257
93,888888,8,0.0002412639
94,888888,8,0.0002324021
95,888888,8,0.0002235402
96,888888,8,0.0002146794
97,888888,8,0.0002058176
98,888888,8,0.0001969558
99,888888,8,0.000188094
100,888888,8,0.0001792322
101,888888,8,0.0001703704
102,888888,8,0.0001615096
103,888888,8,0.0001526478
104,888888,8,0.000143786
105,888888,8,0.0001349241
106,888888,8,0.0001260623
107,888888,8,0.0001172015
108,888888,8,0.0001083397
109,888888,8,9.9477905524E-05
110,888888,8,9.06161969628E-05
111,888888,8,8.17545871404E-05
112,888888,8,0.000072893
113,888888,8,6.40313674956E-05
114,888888,8,5.51697576732E-05
115,888888,8,4.63081478508E-05
116,888888,8,3.74465380284E-05
117,888888,8,2.85848294672E-05
118,888888,8,1.97232196448E-05
119,888888,8,1.086161969628E-05
120,888888,8,0.000002
121,888888,8,0.000002
122,888888,8,0.000002
123,888888,8,0.000002
124,888888,8,0.000002
125,888888,8,0.000002
126,888888,8,0.000002
127,888888,8,0.000002
128,888888,8,0.000002
129,888888,8,0.000002
130,888888,8,0.000002
131,888888,8,0.000002
132,888888,8,0.000002
133,888888,8,0.000002
134,888888,8,0.000002
135,888888,8,0.000002
136,888888,8,0.000002
137,888888,8,0.000002
138,888888,8,0.000002
139,888888,8,0.000002
140,888888,8,0.000002
141,888888,8,0.000002
142,888888,8,0.000002
143,888888,8,0.000002
144,888888,8,0.000002
145,888888,8,0.000002
146,888888,8,0.000002
147,888888,8,0.000002
148,888888,8,0.000002
149,888888,8,0.000002
150,888888,8,0.000002
151,888888,8,0.000002
152,888888,8,0.000002
153,888888,8,0.000002
154,888888,8,0.000002
155,888888,8,0.000002
156,888888,8,0.000002
157,888888,8,0.000002
158,888888,8,0.000002
159,888888,8,0.000002
160,888888,8,0.000002
161,888888,8,0.000002
162,888888,8,0.000002
163,888888,8,0.000002
164,888888,8,0.000002
165,888888,8,0.000002
166,888888,8,0.000002
167,888888,8,0.000002
168,888888,8,0.000002
169,888888,8,0.000002
170,888888,8,0.000002
171,888888,8,0.000002
172,888888,8,0.000002
173,888888,8,0.000002
174,888888,8,0.000002
175,888888,8,0.000002
176,888888,8,0.000002
177,888888,8,0.000002
178,888888,8,0.000002
179,888888,8,0.000002
180,888888,8,0.000002
181,888888,8,0.000002
182,888888,8,0.000002
183,888888,8,0.000002
184,888888,8,0.000002
185,888888,8,0.000002
186,888888,8,0.000002
187,888888,8,0.000002
188,888888,8,0.000002
189,888888,8,0.000002
190,888888,8,0.000002
191,888888,8,0.000002
192,888888,8,0.000002
193,888888,8,0.000002
194,888888,8,0.000002
195,888888,8,0.000002
196,888888,8,0.000002
197,888888,8,0.000002
198,888888,8,0.000002
199,888888,8,0.000002
200,888888,8,0.000002
201,888888,8,0.000002
202,888888,8,0.000002
203,888888,8,0.000002
204,888888,8,0.000002
205,888888,8,0.000002
206,888888,8,0.000002
207,888888,8,0.000002
208,888888,8,0.000002
209,888888,8,0.000002
210,888888,8,0.000002
211,888888,8,0.000002
212,888888,8,0.000002
213,888888,8,0.000002
214,888888,8,0.000002
215,888888,8,0.000002
216,888888,8,0.000002
217,888888,8,0.000002
218,888888,8,0.000002
219,888888,8,0.000002
220,888888,8,0.000002
221,888888,8,0.000002
222,888888,8,0.000002
223,888888,8,0.000002
224,888888,8,0.000002
225,888888,8,0.000002
226,888888,8,0.000002
227,888888,8,0.000002
228,888888,8,0.000002
229,888888,8,0.000002
230,888888,8,0.000002
231,888888,8,0.000002
232,888888,8,0.000002
233,888888,8,0.000002
234,888888,8,0.000002
235,888888,8,0.000002
236,888888,8,0.000002
237,888888,8,0.000002
238,888888,8,0.000002
239,888888,8,0.000002
240,888888,8,0.000002
241,888888,8,0.000002
242,888888,8,0.000002
243,888888,8,0.000002
244,888888,8,0.000002
245,888888,8,0.000002
246,888888,8,0.000002
247,888888,8,0.000002
248,888888,8,0.000002
249,888888,8,0.000002
250,888888,8,0.000002
251,888888,8,0.000002
252,888888,8,0.000002
253,888888,8,0.000002
254,888888,8,0.000002
255,888888,8,0.000002
256,888888,8,0.000002
257,888888,8,0.000002
258,888888,8,0.000002
259,888888,8,0.000002
260,888888,8,0.000002
261,888888,8,0.000002
262,888888,8,0.000002
263,888888,8,0.000002
264,888888,8,0.000002
265,888888,8,0.000002
266,888888,8,0.000002
267,888888,8,0.000002
268,888888,8,0.000002
269,888888,8,0.000002
270,888888,8,0.000002
271,888888,8,0.000002
272,888888,8,0.000002
273,888888,8,0.000002
274,888888,8,0.000002
275,888888,8,0.000002
276,888888,8,0.000002
277,888888,8,0.000002
278,888888,8,0.000002
279,888888,8,0.000002
280,888888,8,0.000002
281,888888,8,0.000002
282,888888,8,0.000002
283,888888,8,0.000002
284,888888,8,0.000002
285,888888,8,0.000002
286,888888,8,0.000002
287,888888,8,0.000002
288,888888,8,0.000002
289,888888,8,0.000002
290,888888,8,0.000002
291,888888,8,0.000002
292,888888,8,0.000002
293,888888,8,0.000002
294,888888,8,0.000002
295,888888,8,0.000002
296,888888,8,0.000002
297,888888,8,0.000002
298,888888,8,0.000002
299,888888,8,0.000002
300,888888,8,0.000002
301,888888,8,0.000002
302,888888,8,0.000002
303,888888,8,0.000002
304,888888,8,0.000002
305,888888,8,0.000002
306,888888,8,0.000002
307,888888,8,0.000002
308,888888,8,0.000002
309,888888,8,0.000002
310,888888,8,0.000002
311,888888,8,0.000002
312,888888,8,0.000002
313,888888,8,0.000002
314,888888,8,0.000002
315,888888,8,0.000002
316,888888,8,0.000002
317,888888,8,0.000002
318,888888,8,0.000002
319,888888,8,0.000002
320,888888,8,0.000002
321,888888,8,0.000002
322,888888,8,0.000002
323,888888,8,0.000002
324,888888,8,0.000002
325,888888,8,0.000002
326,888888,8,0.000002
327,888888,8,0.000002
328,888888,8,0.000002
329,888888,8,0.000002
330,888888,8,0.000002
331,888888,8,0.000002
332,888888,8,0.000002
333,888888,8,0.000002
334,888888,8,0.000002
335,888888,8,0.000002
336,888888,8,0.000002
337,888888,8,0.000002
338,888888,8,0.000002
339,888888,8,0.000002
340,888888,8,0.000002
341,888888,8,0.000002
342,888888,8,0.000002
343,888888,8,0.000002
344,888888,8,0.000002
345,888888,8,0.000002
346,888888,8,0.000002
347,888888,8,0.000002
348,888888,8,0.000002
349,888888,8,0.000002
350,888888,8,0.000002
351,888888,8,0.000002
352,888888,8,0.000002
353,888888,8,0.000002
354,888888,8,0.000002
355,888888,8,0.000002
356,888888,8,0.000002
357,888888,8,0.000002
358,888888,8,0.000002
359,888888,8,0.000002
360,888888,8,0.000002
361,888888,8,0.000002
362,888888,8,0.000002
363,888888,8,0.000002
364,888888,8,0.000002
365,888888,8,0.000002
366,888888,8,0.000002
367,888888,8,0.000002
368,888888,8,0.000002
369,888888,8,0.000002
370,888888,8,0.000002
371,888888,8,0.000002
372,888888,8,0.000002
373,888888,8,0.000002
374,888888,8,0.000002
375,888888,8,0.000002
376,888888,8,0.000002
377,888888,8,0.000002
378,888888,8,0.000002
379,888888,8,0.000002
380,888888,8,0.000002
381,888888,8,0.000002
382,888888,8,0.000002
383,888888,8,0.000002
384,888888,8,0.000002
385,888888,8,0.000002
386,888888,8,0.000002
387,888888,8,0.000002
388,888888,8,0.000002
389,888888,8,0.000002
390,888888,8,0.000002
391,888888,8,0.000002
392,888888,8,0.000002
393,888888,8,0.000002
394,888888,8,0.000002
395,888888,8,0.000002
396,888888,8,0.000002
397,888888,8,0.000002
398,888888,8,0.000002
399,888888,8,0.000002
400,888888,8,0.000002
401,888888,8,0.000002
402,888888,8,0.000002
403,888888,8,0.000002
404,888888,8,0.000002
405,888888,8,0.000002
406,888888,8,0.000002
407,888888,8,0.000002
408,888888,8,0.000002
409,888888,8,0.000002
410,888888,8,0.000002
411,888888,8,0.000002
412,888888,8,0.000002
413,888888,8,0.000002
414,888888,8,0.000002
415,888888,8,0.000002
416,888888,8,0.000002
417,888888,8,0.000002
418,888888,8,0.000002
419,888888,8,0.000002
420,888888,8,0.000002
421,888888,8,0.000002
422,888888,8,0.000002
423,888888,8,0.000002
424,888888,8,0.000002
425,888888,8,0.000002
426,888888,8,0.000002
427,888888,8,0.000002
428,888888,8,0.000002
429,888888,8,0.000002
430,888888,8,0.000002
431,888888,8,0.000002
432,888888,8,0.000002
433,888888,8,0.000002
434,888888,8,0.000002
435,888888,8,0.000002
436,888888,8,0.000002
437,888888,8,0.000002
438,888888,8,0.000002
439,888888,8,0.000002
440,888888,8,0.000002
441,888888,8,0.000002
442,888888,8,0.000002
443,888888,8,0.000002
444,888888,8,0.000002
445,888888,8,0.000002
446,888888,8,0.000002
447,888888,8,0.000002
448,888888,8,0.000002
449,888888,8,0.000002
450,888888,8,0.000002
451,888888,8,0.000002
452,888888,8,0.000002
453,888888,8,0.000002
454,888888,8,0.000002
455,888888,8,0.000002
456,888888,8,0.000002
457,888888,8,0.000002
458,888888,8,0.000002
459,888888,8,0.000002
460,888888,8,0.000002
461,888888,8,0.000002
462,888888,8,0.000002
463,888888,8,0.000002
464,888888,8,0.000002
465,888888,8,0.000002
466,888888,8,0.000002
467,888888,8,0.000002
468,888888,8,0.000002
469,888888,8,0.000002
470,888888,8,0.000002
471,888888,8,0.000002
472,888888,8,0.000002
473,888888,8,0.000002
474,888888,8,0.000002
475,888888,8,0.000002
476,888888,8,0.000002
477,888888,8,0.000002
478,888888,8,0.000002
479,888888,8,0.000002
480,888888,8,0.000002
481,888888,8,0.000002
1,888888,7,0.0001546828
2,888888,7,0.0001546828
3,888888,7,0.0001546828
4,888888,7,0.000280556
5,888888,7,0.000280556
6,888888,7,0.000280556
7,888888,7,0.0002038537
8,888888,7,0.0002038537
9,888888,7,0.0002038537
10,888888,7,0.0003535121
11,888888,7,0.0003535121
12,888888,7,0.0003535121
13,888888,7,0.0007802484
14,888888,7,0.0007802484
15,888888,7,0.0007802484
16,888888,7,0.0005478794
17,888888,7,0.0005478794
18,888888,7,0.0005478794
19,888888,7,0.0006327632
20,888888,7,0.0006327632
21,888888,7,0.0006327632
22,888888,7,0.0004550975
23,888888,7,0.0004550975
24,888888,7,0.0004550975
25,888888,7,0.0030611512
26,888888,7,0.0030611512
27,888888,7,0.0030611512
28,888888,7,0.002982248
29,888888,7,0.002982248
30,888888,7,0.002982248
31,888888,7,0.0006826638
32,888888,7,0.0006826638
33,888888,7,0.0006826638
34,888888,7,0.0014064074
35,888888,7,0.0014064074
36,888888,7,0.0014064074
37,888888,7,0.0006778197
38,888888,7,0.0006778197
39,888888,7,0.0006778197
40,888888,7,0.0005503765
41,888888,7,0.0005503765
42,888888,7,0.0005503765
43,888888,7,0.0005498759
44,888888,7,0.0005498759
45,888888,7,0.0005498759
46,888888,7,0.0007167406
47,888888,7,0.0007167406
48,888888,7,0.0007167406
49,888888,7,0.0007594421
50,888888,7,0.0007594421
51,888888,7,0.0007594421
52,888888,7,0.0009890148
53,888888,7,0.0009890148
54,888888,7,0.0009890148
55,888888,7,0.001218854
56,888888,7,0.001218854
57,888888,7,0.001218854
58,888888,7,0.0012207755
59,888888,7,0.0012207755
60,888888,7,0.0012207755
61,888888,7,0.0012004619
62,888888,7,0.0011801494
63,888888,7,0.0011598359
64,888888,7,0.0011395233
65,888888,7,0.0011192108
66,888888,7,0.0010988972
67,888888,7,0.0010785847
68,888888,7,0.0010582721
69,888888,7,0.0010379586
70,888888,7,0.0010176461
71,888888,7,0.0009973325
72,888888,7,0.00097702
73,888888,7,0.0009567074
74,888888,7,0.0009363939
75,888888,7,0.0009160814
76,888888,7,0.0008957688
77,888888,7,0.0008754553
78,888888,7,0.0008551427
79,888888,7,0.0008348292
80,888888,7,0.0008145166
81,888888,7,0.0007942041
82,888888,7,0.0007738906
83,888888,7,0.000753578
84,888888,7,0.0007332655
85,888888,7,0.0007129519
86,888888,7,0.0006926394
87,888888,7,0.0006723259
88,888888,7,0.0006520133
89,888888,7,0.0006317008
90,888888,7,0.0006113872
91,888888,7,0.0005910747
92,888888,7,0.0005707621
93,888888,7,0.0005504486
94,888888,7,0.0005301361
95,888888,7,0.0005098225
96,888888,7,0.00048951
97,888888,7,0.0004691974
98,888888,7,0.0004488839
99,888888,7,0.0004285714
100,888888,7,0.0004082588
101,888888,7,0.0003879453
102,888888,7,0.0003676327
103,888888,7,0.0003473192
104,888888,7,0.0003270067
105,888888,7,0.0003066941
106,888888,7,0.0002863806
107,888888,7,0.000266068
108,888888,7,0.0002457555
109,888888,7,0.000225442
110,888888,7,0.0002051294
111,888888,7,0.0001848159
112,888888,7,0.0001645033
113,888888,7,0.0001441908
114,888888,7,0.0001238773
115,888888,7,0.0001035647
116,888888,7,8.3251664826E-05
117,888888,7,6.29387239348E-05
118,888888,7,4.26258817824E-05
119,888888,7,2.23129408912E-05
120,888888,7,0.000002
121,888888,7,0.000002
122,888888,7,0.000002
123,888888,7,0.000002
124,888888,7,0.000002
125,888888,7,0.000002
126,888888,7,0.000002
127,888888,7,0.000002
128,888888,7,0.000002
129,888888,7,0.000002
130,888888,7,0.000002
131,888888,7,0.000002
132,888888,7,0.000002
133,888888,7,0.000002
134,888888,7,0.000002
135,888888,7,0.000002
136,888888,7,0.000002
137,888888,7,0.000002
138,888888,7,0.000002
139,888888,7,0.000002
140,888888,7,0.000002
141,888888,7,0.000002
142,888888,7,0.000002
143,888888,7,0.000002
144,888888,7,0.000002
145,888888,7,0.000002
146,888888,7,0.000002
147,888888,7,0.000002
148,888888,7,0.000002
149,888888,7,0.000002
150,888888,7,0.000002
151,888888,7,0.000002
152,888888,7,0.000002
153,888888,7,0.000002
154,888888,7,0.000002
155,888888,7,0.000002
156,888888,7,0.000002
157,888888,7,0.000002
158,888888,7,0.000002
159,888888,7,0.000002
160,888888,7,0.000002
161,888888,7,0.000002
162,888888,7,0.000002
163,888888,7,0.000002
164,888888,7,0.000002
165,888888,7,0.000002
166,888888,7,0.000002
167,888888,7,0.000002
168,888888,7,0.000002
169,888888,7,0.000002
170,888888,7,0.000002
171,888888,7,0.000002
172,888888,7,0.000002
173,888888,7,0.000002
174,888888,7,0.000002
175,888888,7,0.000002
176,888888,7,0.000002
177,888888,7,0.000002
178,888888,7,0.000002
179,888888,7,0.000002
180,888888,7,0.000002
181,888888,7,0.000002
182,888888,7,0.000002
183,888888,7,0.000002
184,888888,7,0.000002
185,888888,7,0.000002
186,888888,7,0.000002
187,888888,7,0.000002
188,888888,7,0.000002
189,888888,7,0.000002
190,888888,7,0.000002
191,888888,7,0.000002
192,888888,7,0.000002
193,888888,7,0.000002
194,888888,7,0.000002
195,888888,7,0.000002
196,888888,7,0.000002
197,888888,7,0.000002
198,888888,7,0.000002
199,888888,7,0.000002
200,888888,7,0.000002
201,888888,7,0.000002
202,888888,7,0.000002
203,888888,7,0.000002
204,888888,7,0.000002
205,888888,7,0.000002
206,888888,7,0.000002
207,888888,7,0.000002
208,888888,7,0.000002
209,888888,7,0.000002
210,888888,7,0.000002
211,888888,7,0.000002
212,888888,7,0.000002
213,888888,7,0.000002
214,888888,7,0.000002
215,888888,7,0.000002
216,888888,7,0.000002
217,888888,7,0.000002
218,888888,7,0.000002
219,888888,7,0.000002
220,888888,7,0.000002
221,888888,7,0.000002
222,888888,7,0.000002
223,888888,7,0.000002
224,888888,7,0.000002
225,888888,7,0.000002
226,888888,7,0.000002
227,888888,7,0.000002
228,888888,7,0.000002
229,888888,7,0.000002
230,888888,7,0.000002
231,888888,7,0.000002
232,888888,7,0.000002
233,888888,7,0.000002
234,888888,7,0.000002
235,888888,7,0.000002
236,888888,7,0.000002
237,888888,7,0.000002
238,888888,7,0.000002
239,888888,7,0.000002
240,888888,7,0.000002
241,888888,7,0.000002
242,888888,7,0.000002
243,888888,7,0.000002
244,888888,7,0.000002
245,888888,7,0.000002
246,888888,7,0.000002
247,888888,7,0.000002
248,888888,7,0.000002
249,888888,7,0.000002
250,888888,7,0.000002
251,888888,7,0.000002
252,888888,7,0.000002
253,888888,7,0.000002
254,888888,7,0.000002
255,888888,7,0.000002
256,888888,7,0.000002
257,888888,7,0.000002
258,888888,7,0.000002
259,888888,7,0.000002
260,888888,7,0.000002
261,888888,7,0.000002
262,888888,7,0.000002
263,888888,7,0.000002
264,888888,7,0.000002
265,888888,7,0.000002
266,888888,7,0.000002
267,888888,7,0.000002
268,888888,7,0.000002
269,888888,7,0.000002
270,888888,7,0.000002
271,888888,7,0.000002
272,888888,7,0.000002
273,888888,7,0.000002
274,888888,7,0.000002
275,888888,7,0.000002
276,888888,7,0.000002
277,888888,7,0.000002
278,888888,7,0.000002
279,888888,7,0.000002
280,888888,7,0.000002
281,888888,7,0.000002
282,888888,7,0.000002
283,888888,7,0.000002
284,888888,7,0.000002
285,888888,7,0.000002
286,888888,7,0.000002
287,888888,7,0.000002
288,888888,7,0.000002
289,888888,7,0.000002
290,888888,7,0.000002
291,888888,7,0.000002
292,888888,7,0.000002
293,888888,7,0.000002
294,888888,7,0.000002
295,888888,7,0.000002
296,888888,7,0.000002
297,888888,7,0.000002
298,888888,7,0.000002
299,888888,7,0.000002
300,888888,7,0.000002
301,888888,7,0.000002
302,888888,7,0.000002
303,888888,7,0.000002
304,888888,7,0.000002
305,888888,7,0.000002
306,888888,7,0.000002
307,888888,7,0.000002
308,888888,7,0.000002
309,888888,7,0.000002
310,888888,7,0.000002
311,888888,7,0.000002
312,888888,7,0.000002
313,888888,7,0.000002
314,888888,7,0.000002
315,888888,7,0.000002
316,888888,7,0.000002
317,888888,7,0.000002
318,888888,7,0.000002
319,888888,7,0.000002
320,888888,7,0.000002
321,888888,7,0.000002
322,888888,7,0.000002
323,888888,7,0.000002
324,888888,7,0.000002
325,888888,7,0.000002
326,888888,7,0.000002
327,888888,7,0.000002
328,888888,7,0.000002
329,888888,7,0.000002
330,888888,7,0.000002
331,888888,7,0.000002
332,888888,7,0.000002
333,888888,7,0.000002
334,888888,7,0.000002
335,888888,7,0.000002
336,888888,7,0.000002
337,888888,7,0.000002
338,888888,7,0.000002
339,888888,7,0.000002
340,888888,7,0.000002
341,888888,7,0.000002
342,888888,7,0.000002
343,888888,7,0.000002
344,888888,7,0.000002
345,888888,7,0.000002
346,888888,7,0.000002
347,888888,7,0.000002
348,888888,7,0.000002
349,888888,7,0.000002
350,888888,7,0.000002
351,888888,7,0.000002
352,888888,7,0.000002
353,888888,7,0.000002
354,888888,7,0.000002
355,888888,7,0.000002
356,888888,7,0.000002
357,888888,7,0.000002
358,888888,7,0.000002
359,888888,7,0.000002
360,888888,7,0.000002
361,888888,7,0.000002
362,888888,7,0.000002
363,888888,7,0.000002
364,888888,7,0.000002
365,888888,7,0.000002
366,888888,7,0.000002
367,888888,7,0.000002
368,888888,7,0.000002
369,888888,7,0.000002
370,888888,7,0.000002
371,888888,7,0.000002
372,888888,7,0.000002
373,888888,7,0.000002
374,888888,7,0.000002
375,888888,7,0.000002
376,888888,7,0.000002
377,888888,7,0.000002
378,888888,7,0.000002
379,888888,7,0.000002
380,888888,7,0.000002
381,888888,7,0.000002
382,888888,7,0.000002
383,888888,7,0.000002
384,888888,7,0.000002
385,888888,7,0.000002
386,888888,7,0.000002
387,888888,7,0.000002
388,888888,7,0.000002
389,888888,7,0.000002
390,888888,7,0.000002
391,888888,7,0.000002
392,888888,7,0.000002
393,888888,7,0.000002
394,888888,7,0.000002
395,888888,7,0.000002
396,888888,7,0.000002
397,888888,7,0.000002
398,888888,7,0.000002
399,888888,7,0.000002
400,888888,7,0.000002
401,888888,7,0.000002
402,888888,7,0.000002
403,888888,7,0.000002
404,888888,7,0.000002
405,888888,7,0.000002
406,888888,7,0.000002
407,888888,7,0.000002
408,888888,7,0.000002
409,888888,7,0.000002
410,888888,7,0.000002
411,888888,7,0.000002
412,888888,7,0.000002
413,888888,7,0.000002
414,888888,7,0.000002
415,888888,7,0.000002
416,888888,7,0.000002
417,888888,7,0.000002
418,888888,7,0.000002
419,888888,7,0.000002
420,888888,7,0.000002
421,888888,7,0.000002
422,888888,7,0.000002
423,888888,7,0.000002
424,888888,7,0.000002
425,888888,7,0.000002
426,888888,7,0.000002
427,888888,7,0.000002
428,888888,7,0.000002
429,888888,7,0.000002
430,888888,7,0.000002
431,888888,7,0.000002
432,888888,7,0.000002
433,888888,7,0.000002
434,888888,7,0.000002
435,888888,7,0.000002
436,888888,7,0.000002
437,888888,7,0.000002
438,888888,7,0.000002
439,888888,7,0.000002
440,888888,7,0.000002
441,888888,7,0.000002
442,888888,7,0.000002
443,888888,7,0.000002
444,888888,7,0.000002
445,888888,7,0.000002
446,888888,7,0.000002
447,888888,7,0.000002
448,888888,7,0.000002
449,888888,7,0.000002
450,888888,7,0.000002
451,888888,7,0.000002
452,888888,7,0.000002
453,888888,7,0.000002
454,888888,7,0.000002
455,888888,7,0.000002
456,888888,7,0.000002
457,888888,7,0.000002
458,888888,7,0.000002
459,888888,7,0.000002
460,888888,7,0.000002
461,888888,7,0.000002
462,888888,7,0.000002
463,888888,7,0.000002
464,888888,7,0.000002
465,888888,7,0.000002
466,888888,7,0.000002
467,888888,7,0.000002
468,888888,7,0.000002
469,888888,7,0.000002
470,888888,7,0.000002
471,888888,7,0.000002
472,888888,7,0.000002
473,888888,7,0.000002
474,888888,7,0.000002
475,888888,7,0.000002
476,888888,7,0.000002
477,888888,7,0.000002
478,888888,7,0.000002
479,888888,7,0.000002
480,888888,7,0.000002
481,888888,7,0.000002
1,888888,6,8.72774431796E-05
2,888888,6,8.72774431796E-05
3,888888,6,8.72774431796E-05
4,888888,6,0.0001611008
5,888888,6,0.0001611008
6,888888,6,0.0001611008
7,888888,6,0.0001158468
8,888888,6,0.0001158468
9,888888,6,0.0001158468
10,888888,6,0.000199681
11,888888,6,0.000199681
12,888888,6,0.000199681
13,888888,6,0.0005617483
14,888888,6,0.0005617483
15,888888,6,0.0005617483
16,888888,6,0.0003785118
17,888888,6,0.0003785118
18,888888,6,0.0003785118
19,888888,6,0.0004428381
20,888888,6,0.0004428381
21,888888,6,0.0004428381
22,888888,6,0.0003232171
23,888888,6,0.0003232171
24,888888,6,0.0003232171
25,888888,6,0.0021861013
26,888888,6,0.0021861013
27,888888,6,0.0021861013
28,888888,6,0.0021303326
29,888888,6,0.0021303326
30,888888,6,0.0021303326
31,888888,6,0.0004716215
32,888888,6,0.0004716215
33,888888,6,0.0004716215
34,888888,6,0.0009663453
35,888888,6,0.0009663453
36,888888,6,0.0009663453
37,888888,6,0.0004914058
38,888888,6,0.0004914058
39,888888,6,0.0004914058
40,888888,6,0.0004083615
41,888888,6,0.0004083615
42,888888,6,0.0004083615
43,888888,6,0.0004133024
44,888888,6,0.0004133024
45,888888,6,0.0004133024
46,888888,6,0.0005114853
47,888888,6,0.0005114853
48,888888,6,0.0005114853
49,888888,6,0.0005511368
50,888888,6,0.0005511368
51,888888,6,0.0005511368
52,888888,6,0.0007294305
53,888888,6,0.0007294305
54,888888,6,0.0007294305
55,888888,6,0.000922452
56,888888,6,0.000922452
57,888888,6,0.000922452
58,888888,6,0.0011241289
59,888888,6,0.0011241289
60,888888,6,0.0011241289
61,888888,6,0.0011054268
62,888888,6,0.0010867237
63,888888,6,0.0010680216
64,888888,6,0.0010493195
65,888888,6,0.0010306174
66,888888,6,0.0010119153
67,888888,6,0.0009932131
68,888888,6,0.000974511
69,888888,6,0.0009558089
70,888888,6,0.0009371068
71,888888,6,0.0009184047
72,888888,6,0.0008997026
73,888888,6,0.0008810004
74,888888,6,0.0008622983
75,888888,6,0.0008435962
76,888888,6,0.0008248941
77,888888,6,0.000806192
78,888888,6,0.0007874899
79,888888,6,0.0007687877
80,888888,6,0.0007500856
81,888888,6,0.0007313835
82,888888,6,0.0007126814
83,888888,6,0.0006939793
84,888888,6,0.0006752772
85,888888,6,0.0006565751
86,888888,6,0.0006378729
87,888888,6,0.0006191708
88,888888,6,0.0006004687
89,888888,6,0.0005817666
90,888888,6,0.0005630645
91,888888,6,0.0005443624
92,888888,6,0.0005256602
93,888888,6,0.0005069581
94,888888,6,0.000488256
95,888888,6,0.0004695539
96,888888,6,0.0004508518
97,888888,6,0.0004321497
98,888888,6,0.0004134475
99,888888,6,0.0003947454
100,888888,6,0.0003760433
101,888888,6,0.0003573402
102,888888,6,0.0003386381
103,888888,6,0.000319936
104,888888,6,0.0003012339
105,888888,6,0.0002825317
106,888888,6,0.0002638296
107,888888,6,0.0002451275
108,888888,6,0.0002264254
109,888888,6,0.0002077233
110,888888,6,0.0001890212
111,888888,6,0.000170319
112,888888,6,0.0001516169
113,888888,6,0.0001329148
114,888888,6,0.0001142127
115,888888,6,9.55106792788E-05
116,888888,6,7.68085631708E-05
117,888888,6,5.81064470628E-05
118,888888,6,3.94043309548E-05
119,888888,6,2.0702116108E-05
120,888888,6,0.000002
121,888888,6,0.000002
122,888888,6,0.000002
123,888888,6,0.000002
124,888888,6,0.000002
125,888888,6,0.000002
126,888888,6,0.000002
127,888888,6,0.000002
128,888888,6,0.000002
129,888888,6,0.000002
130,888888,6,0.000002
131,888888,6,0.000002
132,888888,6,0.000002
133,888888,6,0.000002
134,888888,6,0.000002
135,888888,6,0.000002
136,888888,6,0.000002
137,888888,6,0.000002
138,888888,6,0.000002
139,888888,6,0.000002
140,888888,6,0.000002
141,888888,6,0.000002
142,888888,6,0.000002
143,888888,6,0.000002
144,888888,6,0.000002
145,888888,6,0.000002
146,888888,6,0.000002
147,888888,6,0.000002
148,888888,6,0.000002
149,888888,6,0.000002
150,888888,6,0.000002
151,888888,6,0.000002
152,888888,6,0.000002
153,888888,6,0.000002
154,888888,6,0.000002
155,888888,6,0.000002
156,888888,6,0.000002
157,888888,6,0.000002
158,888888,6,0.000002
159,888888,6,0.000002
160,888888,6,0.000002
161,888888,6,0.000002
162,888888,6,0.000002
163,888888,6,0.000002
164,888888,6,0.000002
165,888888,6,0.000002
166,888888,6,0.000002
167,888888,6,0.000002
168,888888,6,0.000002
169,888888,6,0.000002
170,888888,6,0.000002
171,888888,6,0.000002
172,888888,6,0.000002
173,888888,6,0.000002
174,888888,6,0.000002
175,888888,6,0.000002
176,888888,6,0.000002
177,888888,6,0.000002
178,888888,6,0.000002
179,888888,6,0.000002
180,888888,6,0.000002
181,888888,6,0.000002
182,888888,6,0.000002
183,888888,6,0.000002
184,888888,6,0.000002
185,888888,6,0.000002
186,888888,6,0.000002
187,888888,6,0.000002
188,888888,6,0.000002
189,888888,6,0.000002
190,888888,6,0.000002
191,888888,6,0.000002
192,888888,6,0.000002
193,888888,6,0.000002
194,888888,6,0.000002
195,888888,6,0.000002
196,888888,6,0.000002
197,888888,6,0.000002
198,888888,6,0.000002
199,888888,6,0.000002
200,888888,6,0.000002
201,888888,6,0.000002
202,888888,6,0.000002
203,888888,6,0.000002
204,888888,6,0.000002
205,888888,6,0.000002
206,888888,6,0.000002
207,888888,6,0.000002
208,888888,6,0.000002
209,888888,6,0.000002
210,888888,6,0.000002
211,888888,6,0.000002
212,888888,6,0.000002
213,888888,6,0.000002
214,888888,6,0.000002
215,888888,6,0.000002
216,888888,6,0.000002
217,888888,6,0.000002
218,888888,6,0.000002
219,888888,6,0.000002
220,888888,6,0.000002
221,888888,6,0.000002
222,888888,6,0.000002
223,888888,6,0.000002
224,888888,6,0.000002
225,888888,6,0.000002
226,888888,6,0.000002
227,888888,6,0.000002
228,888888,6,0.000002
229,888888,6,0.000002
230,888888,6,0.000002
231,888888,6,0.000002
232,888888,6,0.000002
233,888888,6,0.000002
234,888888,6,0.000002
235,888888,6,0.000002
236,888888,6,0.000002
237,888888,6,0.000002
238,888888,6,0.000002
239,888888,6,0.000002
240,888888,6,0.000002
241,888888,6,0.000002
242,888888,6,0.000002
243,888888,6,0.000002
244,888888,6,0.000002
245,888888,6,0.000002
246,888888,6,0.000002
247,888888,6,0.000002
248,888888,6,0.000002
249,888888,6,0.000002
250,888888,6,0.000002
251,888888,6,0.000002
252,888888,6,0.000002
253,888888,6,0.000002
254,888888,6,0.000002
255,888888,6,0.000002
256,888888,6,0.000002
257,888888,6,0.000002
258,888888,6,0.000002
259,888888,6,0.000002
260,888888,6,0.000002
261,888888,6,0.000002
262,888888,6,0.000002
263,888888,6,0.000002
264,888888,6,0.000002
265,888888,6,0.000002
266,888888,6,0.000002
267,888888,6,0.000002
268,888888,6,0.000002
269,888888,6,0.000002
270,888888,6,0.000002
271,888888,6,0.000002
272,888888,6,0.000002
273,888888,6,0.000002
274,888888,6,0.000002
275,888888,6,0.000002
276,888888,6,0.000002
277,888888,6,0.000002
278,888888,6,0.000002
279,888888,6,0.000002
280,888888,6,0.000002
281,888888,6,0.000002
282,888888,6,0.000002
283,888888,6,0.000002
284,888888,6,0.000002
285,888888,6,0.000002
286,888888,6,0.000002
287,888888,6,0.000002
288,888888,6,0.000002
289,888888,6,0.000002
290,888888,6,0.000002
291,888888,6,0.000002
292,888888,6,0.000002
293,888888,6,0.000002
294,888888,6,0.000002
295,888888,6,0.000002
296,888888,6,0.000002
297,888888,6,0.000002
298,888888,6,0.000002
299,888888,6,0.000002
300,888888,6,0.000002
301,888888,6,0.000002
302,888888,6,0.000002
303,888888,6,0.000002
304,888888,6,0.000002
305,888888,6,0.000002
306,888888,6,0.000002
307,888888,6,0.000002
308,888888,6,0.000002
309,888888,6,0.000002
310,888888,6,0.000002
311,888888,6,0.000002
312,888888,6,0.000002
313,888888,6,0.000002
314,888888,6,0.000002
315,888888,6,0.000002
316,888888,6,0.000002
317,888888,6,0.000002
318,888888,6,0.000002
319,888888,6,0.000002
320,888888,6,0.000002
321,888888,6,0.000002
322,888888,6,0.000002
323,888888,6,0.000002
324,888888,6,0.000002
325,888888,6,0.000002
326,888888,6,0.000002
327,888888,6,0.000002
328,888888,6,0.000002
329,888888,6,0.000002
330,888888,6,0.000002
331,888888,6,0.000002
332,888888,6,0.000002
333,888888,6,0.000002
334,888888,6,0.000002
335,888888,6,0.000002
336,888888,6,0.000002
337,888888,6,0.000002
338,888888,6,0.000002
339,888888,6,0.000002
340,888888,6,0.000002
341,888888,6,0.000002
342,888888,6,0.000002
343,888888,6,0.000002
344,888888,6,0.000002
345,888888,6,0.000002
346,888888,6,0.000002
347,888888,6,0.000002
348,888888,6,0.000002
349,888888,6,0.000002
350,888888,6,0.000002
351,888888,6,0.000002
352,888888,6,0.000002
353,888888,6,0.000002
354,888888,6,0.000002
355,888888,6,0.000002
356,888888,6,0.000002
357,888888,6,0.000002
358,888888,6,0.000002
359,888888,6,0.000002
360,888888,6,0.000002
361,888888,6,0.000002
362,888888,6,0.000002
363,888888,6,0.000002
364,888888,6,0.000002
365,888888,6,0.000002
366,888888,6,0.000002
367,888888,6,0.000002
368,888888,6,0.000002
369,888888,6,0.000002
370,888888,6,0.000002
371,888888,6,0.000002
372,888888,6,0.000002
373,888888,6,0.000002
374,888888,6,0.000002
375,888888,6,0.000002
376,888888,6,0.000002
377,888888,6,0.000002
378,888888,6,0.000002
379,888888,6,0.000002
380,888888,6,0.000002
381,888888,6,0.000002
382,888888,6,0.000002
383,888888,6,0.000002
384,888888,6,0.000002
385,888888,6,0.000002
386,888888,6,0.000002
387,888888,6,0.000002
388,888888,6,0.000002
389,888888,6,0.000002
390,888888,6,0.000002
391,888888,6,0.000002
392,888888,6,0.000002
393,888888,6,0.000002
394,888888,6,0.000002
395,888888,6,0.000002
396,888888,6,0.000002
397,888888,6,0.000002
398,888888,6,0.000002
399,888888,6,0.000002
400,888888,6,0.000002
401,888888,6,0.000002
402,888888,6,0.000002
403,888888,6,0.000002
404,888888,6,0.000002
405,888888,6,0.000002
406,888888,6,0.000002
407,888888,6,0.000002
408,888888,6,0.000002
409,888888,6,0.000002
410,888888,6,0.000002
411,888888,6,0.000002
412,888888,6,0.000002
413,888888,6,0.000002
414,888888,6,0.000002
415,888888,6,0.000002
416,888888,6,0.000002
417,888888,6,0.000002
418,888888,6,0.000002
419,888888,6,0.000002
420,888888,6,0.000002
421,888888,6,0.000002
422,888888,6,0.000002
423,888888,6,0.000002
424,888888,6,0.000002
425,888888,6,0.000002
426,888888,6,0.000002
427,888888,6,0.000002
428,888888,6,0.000002
429,888888,6,0.000002
430,888888,6,0.000002
431,888888,6,0.000002
432,888888,6,0.000002
433,888888,6,0.000002
434,888888,6,0.000002
435,888888,6,0.000002
436,888888,6,0.000002
437,888888,6,0.000002
438,888888,6,0.000002
439,888888,6,0.000002
440,888888,6,0.000002
441,888888,6,0.000002
442,888888,6,0.000002
443,888888,6,0.000002
444,888888,6,0.000002
445,888888,6,0.000002
446,888888,6,0.000002
447,888888,6,0.000002
448,888888,6,0.000002
449,888888,6,0.000002
450,888888,6,0.000002
451,888888,6,0.000002
452,888888,6,0.000002
453,888888,6,0.000002
454,888888,6,0.000002
455,888888,6,0.000002
456,888888,6,0.000002
457,888888,6,0.000002
458,888888,6,0.000002
459,888888,6,0.000002
460,888888,6,0.000002
461,888888,6,0.000002
462,888888,6,0.000002
463,888888,6,0.000002
464,888888,6,0.000002
465,888888,6,0.000002
466,888888,6,0.000002
467,888888,6,0.000002
468,888888,6,0.000002
469,888888,6,0.000002
470,888888,6,0.000002
471,888888,6,0.000002
472,888888,6,0.000002
473,888888,6,0.000002
474,888888,6,0.000002
475,888888,6,0.000002
476,888888,6,0.000002
477,888888,6,0.000002
478,888888,6,0.000002
479,888888,6,0.000002
480,888888,6,0.000002
481,888888,6,0.000002
